country,1948
Afghanistan,0.922041105598866
Angola,0.7424994094023151
Albania,0.6054807465154737
Andorra,0.46384329049105794
UAE,0.678714859437751
Argentina,0.15473659343255375
Armenia,0.26057169855894163
Antigua and Barbuda,0.24167257264351522
Australia,0.009922041105598856
Austria,0.11693834160170093
Azerbaijan,0.3314434207417907
Burundi,0.6480037798251831
Belgium,0.08740845735884716
Benin,0.7755728797543113
Burkina Faso,0.8417198204583037
Bangladesh,0.7377746279234585
Bulgaria,0.4023151429246397
Bahrain,0.678714859437751
Bahamas,0.06189463737302149
Bosnia and Herzegovina,0.4448381762343492
Belarus,0.25820930781951335
Belize,0.34798015591778875
Bolivia,0.6905268131348925
Brazil,0.46609969288920383
Barbados,0.5204346798960547
Brunei,0.30309473186865105
Bhutan,0.8393574297188755
Botswana,0.5487833687691944
Central African Republic,0.7472241908811718
Canada,0.05693361682022206
Switzerland,0.03354594849988188
Chile,0.4897236002834868
China,0.6858020316560359
Cote d'Ivoire,0.8724309000708717
Cameroon,0.7968343964091661
"Congo, Dem. Rep.",0.6810772501771792
"Congo, Rep.",0.5700448854240491
Colombia,0.428301441058351
Comoros,0.6834396409166076
Cape Verde,0.5464209780297661
Costa Rica,0.2960075596503661
Cuba,0.04724781478856603
Cyprus,0.19678714859437746
Czech Republic,0.15473659343255375
Germany,0.08291991495393337
Djibouti,0.7141507205291755
Dominica,0.46384329049105794
Denmark,0.025750059059768488
Dominican Republic,0.3385305929600756
Algeria,0.5913064020789038
Ecuador,0.4944483817623435
Egypt,0.7944720056697377
Eritrea,0.7850224427120245
Spain,0.1660760689818096
Estonia,0.17080085046066618
Ethiopia,0.7543113630994566
Finland,0.06000472478147885
Fiji,0.32435624852350575
France,0.08362863217576184
"Micronesia, Fed. Sts.",0.29364516891093784
Gabon,0.6102055279943303
UK,0.02456886369005433
Georgia,0.2463973541223718
Ghana,0.5653201039451925
Guinea,0.8299078667611622
Gambia,0.9078667611622963
Guinea-Bissau,0.7637609260571698
Equatorial Guinea,0.8062839593668792
Greece,0.07228915662650602
Grenada,0.2511221356012284
Guatemala,0.5818568391211906
Guyana,0.2109614930309473
"Hong Kong, China",0.46384329049105794
Honduras,0.5818568391211906
Holy See,0.46384329049105794
Croatia,0.2511221356012284
Haiti,0.7850224427120245
Hungary,0.16371367824238126
Indonesia,0.6739900779588943
India,0.5724072761634774
Ireland,0.0699267658870777
Iran,0.8818804630285849
Iraq,0.7897472241908812
Iceland,0.009449562957713209
Israel,0.03732577368296716
Italy,0.15308291991495393
Jamaica,0.2204110559886605
Jordan,0.6078431372549019
Japan,0.16394991731632408
Kazakhstan,0.2747460429955114
Kenya,0.7117883297897472
Kyrgyz Republic,0.381053626269785
Cambodia,0.6598157335223246
Kiribati,0.5109851169383416
St. Kitts and Nevis,0.46384329049105794
South Korea,0.7377746279234585
Kuwait,0.4637373021497755
Lao,0.6432789983463264
Lebanon,0.2345854004252303
Liberia,0.6976139853531774
Libya,0.773210489014883
St. Lucia,0.3645168910937869
Liechtenstein,0.46384329049105794
Sri Lanka,0.27238365225608313
Lesotho,0.5393338058114812
Lithuania,0.2747460429955114
Luxembourg,0.15308291991495393
Latvia,0.22986061894637372
Morocco,0.6102055279943303
Monaco,0.46384329049105794
Moldova,0.26057169855894163
Madagascar,0.6881644223954642
Maldives,0.7921096149303094
Mexico,0.43066383179777934
Marshall Islands,0.46384329049105794
North Macedonia,0.3408929836995039
Mali,0.9834632648240019
Malta,0.0933144342074179
Myanmar,0.827545476021734
Montenegro,0.27238365225608313
Mongolia,0.6527285613040397
Mozambique,0.7165131112686038
Mauritania,0.6928892038743207
Mauritius,0.6432789983463264
Malawi,0.8535317741554452
Malaysia,0.3692416725726435
Namibia,0.3692416725726435
Niger,0.7779352704937397
Nigeria,0.8062839593668792
Nicaragua,0.5133475076777698
Netherlands,0.014174344436569813
Norway,0.015591778880226781
Nepal,0.7354122371840301
Nauru,0.46384329049105794
New Zealand,0.01511930073234112
Oman,0.8795180722891566
Pakistan,0.8251830852823057
Panama,0.25820930781951335
Peru,0.6645405150011812
Philippines,0.32435624852350575
Palau,0.46384329049105794
Papua New Guinea,0.6172927002126152
Poland,0.3314434207417907
North Korea,0.4873612095440586
Portugal,0.30309473186865105
Paraguay,0.18025041341837938
Palestine,0.48499881880463025
Qatar,0.41885187810063784
Romania,0.47318686510748875
Russia,0.3645168910937869
Rwanda,0.5818568391211906
Saudi Arabia,0.6716276872194661
Sudan,0.49208599102291517
Senegal,0.7708480982754548
Singapore,0.2015119300732341
Solomon Islands,0.6527285613040397
Sierra Leone,0.9999999999999999
El Salvador,0.47318686510748875
San Marino,0.46384329049105794
Somalia,0.7165131112686038
Serbia,0.2747460429955114
South Sudan,0.8417198204583037
Sao Tome and Principe,0.4897236002834868
Suriname,0.25820930781951335
Slovak Republic,0.28892038743208126
Slovenia,0.041105598866052445
Sweden,0.0
Eswatini,0.5440585872903377
Seychelles,0.2109614930309473
Syria,0.5865816206000473
Chad,0.7401370186628868
Togo,0.7070635483108906
Thailand,0.4566501299314907
Tajikistan,0.4708244743680604
Turkmenistan,0.46609969288920383
Timor-Leste,0.898417198204583
Tonga,0.25820930781951335
Trinidad and Tobago,0.14953933380581147
Tunisia,0.7212378927474604
Turkey,0.6810772501771792
Tuvalu,0.46384329049105794
Taiwan,0.3527049373966454
Tanzania,0.5983935742971888
Uganda,0.6432789983463264
Ukraine,0.25820930781951335
Uruguay,0.11032364753130168
USA,0.023623907394283022
Uzbekistan,0.4070399244034963
St. Vincent and the Grenadines,0.4023151429246397
Venezuela,0.2747460429955114
Vietnam,0.33380581148121896
Vanuatu,0.3739664540515001
Samoa,0.3314434207417907
Yemen,0.9763760926057169
South Africa,0.5346090243326246
Zambia,0.5842192298606189
Zimbabwe,0.4353886132766359
